{
  "project_info": {
    "project_number": "342076150108",
    "firebase_url": "https://connecting-hearts-zamzam.firebaseio.com",
    "project_id": "connecting-hearts-zamzam",
    "storage_bucket": "connecting-hearts-zamzam.appspot.com"
  },
  "client": [
    {
      "client_info": {
        "mobilesdk_app_id": "1:342076150108:android:0c607e54e96fe1441d7199",
        "android_client_info": {
          "package_name": "mertics.zamzam"
        }
      },
      "oauth_client": [
        {
          "client_id": "342076150108-foit38cmae5ib439b36960vhe3v3l5gv.apps.googleusercontent.com",
          "client_type": 3
        }
      ],
      "api_key": [
        {
          "current_key": "AIzaSyAJBe-TqFY-zqvg-7j4cuL3VQoThGVwRYU"
        }
      ],
      "services": {
        "appinvite_service": {
          "other_platform_oauth_client": [
            {
              "client_id": "342076150108-foit38cmae5ib439b36960vhe3v3l5gv.apps.googleusercontent.com",
              "client_type": 3
            }
          ]
        }
      }
    }
  ],
  "configuration_version": "1"
}